Date/Time,Total Precip (mm),Mean Temp (°C),Spd of Max Gust (km/h)
2015-01-01,0.0,-11.7,41
2015-01-02,5.0,-16.5,35
2015-01-03,2.2,-23.2,41
2015-01-04,0.0,-27.6,<31
2015-01-05,0.0,-22.0,<31
2015-01-06,0.0,-20.2,44
2015-01-07,0.0,-21.1,<31
2015-01-08,3.6,-17.3,43
2015-01-09,0.2,-18.1,32
2015-01-10,0.2,-20.2,<31
2015-01-11,0.2,-20.3,<31
2015-01-12,0.0,-23.8,<31
2015-01-14,3.1,-5.6,48
2015-01-15,0.0,-8.1,61
2015-01-16,0.0,-11.4,54
2015-01-17,1.1,-2.5,54
2015-01-18,0.0,-5.9,54
2015-01-19,0.0,-7.2,41
2015-01-20,0.0,-6.5,46
2015-01-21,0.0,-13.0,50
2015-01-22,0.0,-3.0,87
2015-01-23,0.0,2.6,54
2015-01-24,0.0,-5.0,56
2015-01-25,0.0,-6.3,59
2015-01-26,0.0,-1.1,65
2015-01-27,0.0,-2.8,35
2015-01-28,0.8,-4.8,70
2015-01-29,0.0,-13.2,72
2015-01-30,0.8,-11.6,83
2015-01-31,0.0,-19.4,69
2015-02-01,0.0,-23.0,48
2015-02-02,0.0,-16.1,48
2015-02-03,0.2,-14.4,52
2015-02-05,0.0,-12.5,35
2015-02-06,0.7,-15.6,<31
2015-02-07,0.0,-12.6,<31
2015-02-08,0.2,-18.3,<31
2015-02-09,0.0,-14.9,<31
2015-02-10,5.7,-10.0,37
2015-02-11,0.0,-19.9,37
2015-02-12,0.0,-19.7,35
2015-02-13,0.0,-17.2,41
2015-02-14,0.0,-25.3,33
2015-02-15,0.2,-18.0,33
2015-02-16,0.0,-16.0,32
2015-02-17,0.0,-21.0,33
2015-02-18,0.0,-23.9,<31
2015-02-19,0.4,-20.6,<31
2015-02-20,1.4,-14.6,<31
2015-02-21,0.0,-23.3,32
2015-02-22,0.0,-25.5,<31
2015-02-23,0.4,-13.6,44
2015-02-24,0.2,-11.1,50
2015-02-25,0.0,-20.5,<31
2015-02-26,0.0,-18.7,<31
2015-02-27,0.0,-16.1,<31
2015-02-28,0.0,-12.3,<31
2015-03-01,0.0,-11.5,<31
2015-03-02,0.0,-11.0,39
2015-03-03,0.4,-12.9,43
2015-03-04,0.0,-20.8,<31
2015-03-05,0.0,-14.8,33
2015-03-06,3.5,-4.6,35
2015-03-07,1.0,-5.5,35
2015-03-08,0.0,-0.8,<31
2015-03-09,0.0,0.8,<31
2015-03-10,0.0,5.2,32
2015-03-11,0.0,-0.2,<31
2015-03-12,0.0,4.9,<31
2015-03-13,0.8,4.9,<31
2015-03-14,0.0,6.0,<31
2015-03-15,0.0,10.4,44
2015-03-16,0.0,1.3,33
2015-03-17,0.0,0.7,33
2015-03-18,0.0,1.2,<31
2015-03-19,0.0,4.1,32
2015-03-20,0.0,-7.0,32
2015-03-21,0.2,-8.4,<31
2015-03-22,0.0,-3.6,<31
2015-03-23,2.9,-1.1,<31
2015-03-24,7.7,1.7,<31
2015-03-25,5.8,-1.5,43
2015-03-26,0.3,-5.5,<31
2015-03-27,0.2,-4.5,<31
2015-03-28,0.0,1.7,43
2015-03-29,0.6,6.8,41
2015-03-30,0.7,5.7,<31
2015-03-31,0.0,5.9,<31
2015-04-01,0.0,10.0,37
2015-04-02,2.8,-1.9,41
2015-04-03,0.2,-6.5,<31
2015-04-04,0.2,-5.9,<31
2015-04-05,0.0,-5.7,<31
2015-04-06,0.0,0.1,<31
2015-04-07,0.9,1.5,35
2015-04-08,0.0,5.1,<31
2015-04-09,0.4,7.0,46
2015-04-10,0.0,5.9,<31
2015-04-11,0.0,11.5,35
2015-04-12,1.1,11.7,41
2015-04-13,0.0,8.9,41
2015-04-14,0.0,11.8,35
2015-04-15,0.0,18.3,52
2015-04-16,0.0,11.6,<31
2015-04-17,0.0,11.7,46
2015-04-18,0.0,10.2,32
2015-04-19,13.3,6.2,44
2015-04-20,1.4,0.7,50
2015-04-21,0.7,1.8,52
2015-04-22,0.0,1.2,35
2015-04-23,0.0,1.6,<31
2015-04-24,0.0,7.9,<31
2015-04-25,0.0,9.7,<31
2015-04-26,0.0,12.2,<31
2015-04-27,1.0,10.0,<31
2015-04-28,0.0,10.0,<31
2015-04-29,0.0,16.0,<31
2015-04-30,8.7,17.3,41
2015-05-01,0.2,15.7,39
2015-05-02,0.0,19.6,46
2015-05-03,0.0,11.2,43
2015-05-04,0.0,11.9,<31
2015-05-06,6.6,17.7,<31
2015-05-07,4.4,9.7,43
2015-05-08,0.0,1.7,37
2015-05-09,0.2,4.2,<31
2015-05-10,0.0,5.7,<31
2015-05-11,0.0,7.5,35
2015-05-12,0.0,8.5,<31
2015-05-13,0.3,7.7,33
2015-05-14,21.6,9.5,<31
2015-05-15,0.0,12.0,<31
2015-05-16,4.2,14.1,<31
2015-05-17,35.2,6.1,57
2015-05-18,1.4,4.1,52
2015-05-19,0.0,9.0,<31
2015-05-21,0.0,12.7,<31
2015-05-22,0.0,18.4,<31
2015-05-23,0.0,21.5,<31
2015-05-24,0.0,20.1,<31
2015-05-25,0.0,20.4,<31
2015-05-26,0.0,21.3,<31
2015-05-27,0.0,14.0,<31
2015-05-28,6.8,14.4,39
2015-05-29,0.2,6.4,43
2015-05-30,0.2,6.6,<31
2015-05-31,0.0,13.5,<31
2015-06-01,0.0,15.7,37
2015-06-03,0.0,15.8,32
2015-06-04,0.0,16.5,<31
2015-06-05,0.0,19.5,<31
2015-06-06,14.0,17.7,<31
2015-06-07,4.6,19.4,35
2015-06-08,0.0,19.8,<31
2015-06-09,0.5,19.8,39
2015-06-10,0.0,19.1,<31
2015-06-11,0.0,20.6,<31
2015-06-12,0.0,21.8,37
2015-06-13,7.6,22.4,41
2015-06-14,1.2,20.2,<31
2015-06-15,0.0,14.5,<31
2015-06-17,5.4,17.8,43
2015-06-18,0.0,14.3,<31
2015-06-19,4.7,15.8,<31
2015-06-20,0.0,18.5,<31
2015-06-21,0.7,20.0,<31
2015-06-22,8.5,18.6,33
2015-06-24,19.6,20.7,35
2015-06-25,0.2,21.4,<31
2015-06-26,0.0,22.8,<31
2015-06-27,19.9,20.9,37
2015-06-28,0.0,22.9,<31
2015-06-29,0.0,20.3,<31
2015-06-30,0.0,19.4,<31
2015-07-01,0.0,20.6,<31
2015-07-02,0.0,21.8,<31
2015-07-03,0.0,22.9,<31
2015-07-04,22.0,23.5,46
2015-07-05,0.2,18.1,32
2015-07-06,0.0,14.7,<31
2015-07-07,0.0,17.7,33
2015-07-08,0.0,18.8,<31
2015-07-09,0.0,21.0,41
2015-07-10,0.0,24.8,35
2015-07-11,5.1,25.1,<31
2015-07-12,2.4,24.8,37
2015-07-13,0.0,24.1,<31
2015-07-14,0.0,22.4,<31
2015-07-15,0.0,23.9,<31
2015-07-16,3.5,22.5,<31
2015-07-17,0.0,22.3,<31
2015-07-18,0.6,18.4,32
2015-07-19,0.0,21.2,50
2015-07-20,0.0,19.5,37
2015-07-21,0.0,20.3,<31
2015-07-22,0.0,22.2,<31
2015-07-23,24.7,25.2,<31
2015-07-24,0.0,23.4,<31
2015-07-25,0.0,24.8,<31
2015-07-26,1.6,25.5,32
2015-07-27,0.2,25.8,<31
2015-07-28,39.0,21.1,56
2015-07-29,0.5,20.6,46
2015-07-30,9.2,21.7,37
2015-07-31,0.2,20.5,37
2015-08-01,0.0,22.2,<31
2015-08-02,0.0,19.5,43
2015-08-03,0.0,19.0,37
2015-08-04,0.0,16.6,<31
2015-08-05,21.2,17.6,<31
2015-08-06,11.6,18.0,33
2015-08-07,7.2,21.8,41
2015-08-08,0.0,20.0,<31
2015-08-09,0.0,20.7,<31
2015-08-10,0.0,20.9,<31
2015-08-11,0.0,24.7,<31
2015-08-12,8.0,24.5,<31
2015-08-13,0.0,25.9,<31
2015-08-14,0.0,26.0,<31
2015-08-15,2.0,27.6,33
2015-08-16,0.2,19.0,35
2015-08-17,0.0,16.3,<31
2015-08-18,0.0,15.8,<31
2015-08-19,0.0,17.2,33
2015-08-20,0.0,18.3,33
2015-08-21,10.5,20.6,32
2015-08-22,42.7,18.5,43
2015-08-23,18.0,13.5,52
2015-08-24,0.2,15.2,39
2015-08-25,0.0,15.1,<31
2015-08-26,0.0,16.6,<31
2015-08-27,0.0,19.8,<31
2015-08-28,1.4,23.1,<31
2015-08-29,0.0,20.6,<31
2015-08-30,0.0,24.8,<31
2015-09-01,0.0,21.6,<31
2015-09-02,0.0,24.2,<31
2015-09-03,0.0,26.4,<31
2015-09-04,48.6,22.6,39
2015-09-05,14.2,20.0,<31
2015-09-06,0.2,19.9,33
2015-09-07,0.0,16.6,41
2015-09-08,0.0,14.0,37
2015-09-09,0.0,11.6,<31
2015-09-10,0.0,11.7,<31
2015-09-11,0.2,14.2,<31
2015-09-12,0.0,17.3,<31
2015-09-13,0.0,21.7,43
2015-09-14,0.0,14.0,<31
2015-09-15,0.0,17.9,35
2015-09-16,0.0,17.8,<31
2015-09-17,4.3,14.4,<31
2015-09-18,0.0,13.3,<31
2015-09-19,0.0,16.8,<31
2015-09-20,0.0,18.2,<31
2015-09-21,0.0,20.4,43
2015-09-22,0.0,11.2,<31
2015-09-23,0.0,13.3,<31
2015-09-24,0.0,15.5,<31
2015-09-25,0.0,19.6,<31
2015-09-26,0.0,22.5,48
2015-09-27,2.3,17.4,<31
2015-09-28,0.0,10.3,<31
2015-09-29,0.0,9.1,<31
2015-09-30,3.4,14.3,<31
2015-10-01,0.0,15.4,<31
2015-10-02,0.0,11.7,<31
2015-10-03,0.0,9.8,<31
2015-10-04,0.2,10.2,<31
2015-10-05,1.2,11.4,<31
2015-10-06,0.0,7.9,37
2015-10-07,8.4,6.9,<31
2015-10-08,0.2,8.6,<31
2015-10-09,0.0,9.0,35
2015-10-10,0.0,16.6,<31
2015-10-11,3.3,17.6,39
2015-10-12,14.0,9.0,56
2015-10-13,0.0,9.9,<31
2015-10-14,0.0,11.8,<31
2015-10-15,0.0,4.1,43
2015-10-16,0.0,4.7,39
2015-10-17,0.0,3.2,<31
2015-10-18,0.0,10.1,43
2015-10-19,0.0,11.3,<31
2015-10-20,0.3,7.5,<31
2015-10-21,0.3,8.6,35
2015-10-22,0.0,7.7,<31
2015-10-23,9.9,8.1,<31
2015-10-24,0.2,6.6,<31
2015-10-25,0.0,3.4,<31
2015-10-26,0.0,5.3,<31
2015-10-27,1.4,6.1,<31
2015-10-28,1.5,4.5,39
2015-10-29,0.0,3.8,35
2015-10-30,0.0,5.9,35
2015-10-31,1.7,5.9,<31
2015-11-01,0.0,6.3,<31
2015-11-02,0.0,6.1,<31
2015-11-03,2.1,4.7,<31
2015-11-04,0.4,5.0,<31
2015-11-05,4.6,2.9,33
2015-11-06,1.0,2.0,32
2015-11-07,0.2,1.4,<31
2015-11-08,0.0,7.1,<31
2015-11-09,0.0,7.0,<31
2015-11-10,0.0,2.6,<31
2015-11-11,0.0,-0.1,<31
2015-11-12,0.0,-0.2,<31
2015-11-13,0.0,0.9,33
2015-11-14,0.0,6.9,<31
2015-11-15,0.0,7.5,<31
2015-11-16,0.9,7.8,<31
2015-11-17,0.4,5.2,<31
2015-11-18,1.2,-0.2,48
2015-11-19,6.9,-3.9,46
2015-11-20,0.2,-6.7,32
2015-11-21,0.0,-9.8,<31
2015-11-22,2.9,-4.2,<31
2015-11-23,0.2,-1.5,<31
2015-11-24,0.0,-2.9,<31
2015-11-25,0.2,-4.2,39
2015-11-26,0.2,-10.1,<31
2015-11-27,0.0,-8.5,39
2015-11-28,0.0,-5.7,<31
2015-11-29,0.0,-6.1,<31
2015-11-30,0.0,-2.2,<31
2015-12-01,0.0,-2.5,<31
2015-12-02,0.0,-6.6,<31
2015-12-03,0.0,0.7,<31
2015-12-04,0.0,1.3,39
2015-12-05,0.0,2.5,32
2015-12-06,0.0,-0.2,<31
2015-12-07,0.0,1.9,<31
2015-12-08,0.0,-1.3,<31
2015-12-09,0.0,0.5,<31
2015-12-10,0.8,-1.2,32
2015-12-11,0.0,-3.7,<31
2015-12-12,0.7,-2.4,<31
2015-12-13,0.0,-1.3,<31
2015-12-14,0.0,-2.9,<31
2015-12-15,0.2,-6.7,<31
2015-12-16,10.2,-6.3,33
2015-12-17,3.8,-8.4,43
2015-12-18,0.5,-12.8,<31
2015-12-19,3.2,-13.3,<31
2015-12-20,0.0,-9.1,<31
2015-12-21,0.3,-7.6,<31
2015-12-22,5.4,-5.3,<31
2015-12-23,3.4,-7.5,35
2015-12-24,0.4,-14.4,32
2015-12-25,0.0,-13.8,<31
2015-12-26,0.0,-19.0,<31
2015-12-27,0.0,-18.0,<31
2015-12-28,0.0,-13.6,<31
2015-12-29,0.0,-11.0,<31
2015-12-30,0.0,-12.4,<31
2015-12-31,0.0,-9.0,<31
